{"v":"5.1.16","fr":60,"ip":0,"op":180,"w":120,"h":120,"nm":"Thumbs up","ddd":0,"assets":[{"id":"comp_0","layers":[{"ddd":0,"ind":1,"ty":4,"nm":"Star","sr":1,"ks":{"o":{"a":0,"k":100,"ix":11},"r":{"a":0,"k":0,"ix":10},"p":{"a":0,"k":[303,540,0],"ix":2},"a":{"a":0,"k":[375,667,0],"ix":1},"s":{"a":1,"k":[{"i":{"x":[0.209,0.209,0.667],"y":[1,1,1]},"o":{"x":[0.333,0.333,0.333],"y":[0,0,0]},"n":["0p209_1_0p333_0","0p209_1_0p333_0","0p667_1_0p333_0"],"t":0,"s":[0,0,100],"e":[80,80,100]},{"i":{"x":[0.833,0.833,0.833],"y":[0.833,0.833,14.333]},"o":{"x":[0.333,0.333,0.333],"y":[0,0,0]},"n":["0p833_0p833_0p333_0","0p833_0p833_0p333_0","0p833_14p333_0p333_0"],"t":22,"s":[80,80,100],"e":[0,0,100]},{"t":23}],"ix":6}},"ao":0,"shapes":[{"ty":"gr","it":[{"ind":0,"ty":"sh","ix":1,"ks":{"a":0,"k":{"i":[[0,0],[1.849,-5.584],[0,0],[0,0],[-1.985,-6.962],[-4.351,-1.244],[0,0],[0,0],[-6.867,2.27],[-1.313,3.916],[0,0],[0,0],[1.985,6.962],[4.352,1.244],[0,0],[0,0],[5.396,0.258]],"o":[[-5.869,-0.281],[0,0],[0,0],[-6.953,1.988],[1.243,4.356],[0,0],[0,0],[2.267,6.875],[3.919,-1.295],[0,0],[0,0],[6.954,-1.988],[-1.242,-4.357],[0,0],[0,0],[-1.715,-5.128],[0,0]],"v":[[0.508,-121.062],[-12.548,-112.091],[-37.506,-36.696],[-119.679,-13.284],[-128.675,2.921],[-119.679,11.927],[-37.506,35.339],[-12.548,110.734],[3.991,119.073],[12.302,110.794],[37.485,35.37],[119.679,11.95],[128.675,-4.255],[119.679,-13.261],[37.485,-36.68],[12.302,-112.105],[0.508,-121.039]],"c":true},"ix":2},"nm":"Path 1","mn":"ADBE Vector Shape - Group","hd":false},{"ty":"fl","c":{"a":0,"k":[0.996078431606,0.839215695858,0.337254911661,1],"ix":4},"o":{"a":0,"k":100,"ix":5},"r":1,"nm":"Fill 1","mn":"ADBE Vector Graphic - Fill","hd":false},{"ty":"tr","p":{"a":0,"k":[375.818,667.324],"ix":2},"a":{"a":0,"k":[0,0],"ix":1},"s":{"a":0,"k":[100,100],"ix":3},"r":{"a":0,"k":0,"ix":6},"o":{"a":0,"k":100,"ix":7},"sk":{"a":0,"k":0,"ix":4},"sa":{"a":0,"k":0,"ix":5},"nm":"Transform"}],"nm":"Group 1","np":2,"cix":2,"ix":1,"mn":"ADBE Vector Group","hd":false}],"ip":0,"op":240,"st":0,"bm":0},{"ddd":0,"ind":2,"ty":4,"nm":"Shape Layer 1","sr":1,"ks":{"o":{"a":0,"k":100,"ix":11},"r":{"a":0,"k":0,"ix":10},"p":{"a":0,"k":[303.5,540,0],"ix":2},"a":{"a":0,"k":[0,0,0],"ix":1},"s":{"a":0,"k":[100,100,100],"ix":6}},"ao":0,"shapes":[{"ty":"gr","it":[{"ind":0,"ty":"sh","ix":1,"ks":{"a":0,"k":{"i":[[0,0],[0,0]],"o":[[0,0],[0,0]],"v":[[0.5,-164],[0.5,-112]],"c":false},"ix":2},"nm":"Path 1","mn":"ADBE Vector Shape - Group","hd":false},{"ty":"tm","s":{"a":1,"k":[{"i":{"x":[0.525],"y":[1]},"o":{"x":[0.333],"y":[0]},"n":["0p525_1_0p333_0"],"t":0,"s":[100],"e":[0]},{"t":15}],"ix":1},"e":{"a":1,"k":[{"i":{"x":[0.667],"y":[1]},"o":{"x":[0.333],"y":[0]},"n":["0p667_1_0p333_0"],"t":0,"s":[100],"e":[100]},{"i":{"x":[0.667],"y":[1]},"o":{"x":[0.333],"y":[0]},"n":["0p667_1_0p333_0"],"t":15,"s":[100],"e":[1]},{"t":30}],"ix":2},"o":{"a":0,"k":0,"ix":3},"m":1,"ix":2,"nm":"Trim Paths 1","mn":"ADBE Vector Filter - Trim","hd":false},{"ty":"st","c":{"a":0,"k":[0.996078431606,0.839215695858,0.337254911661,1],"ix":3},"o":{"a":0,"k":100,"ix":4},"w":{"a":1,"k":[{"i":{"x":[0.667],"y":[1]},"o":{"x":[0.741],"y":[0]},"n":["0p667_1_0p741_0"],"t":15,"s":[35],"e":[0]},{"t":45}],"ix":5},"lc":2,"lj":1,"ml":4,"nm":"Stroke 1","mn":"ADBE Vector Graphic - Stroke","hd":false},{"ty":"rp","c":{"a":0,"k":4,"ix":1},"o":{"a":0,"k":0,"ix":2},"m":1,"ix":4,"tr":{"ty":"tr","p":{"a":0,"k":[0,0],"ix":2},"a":{"a":0,"k":[0,0],"ix":1},"s":{"a":0,"k":[100,100],"ix":3},"r":{"a":0,"k":90,"ix":4},"so":{"a":0,"k":100,"ix":5},"eo":{"a":0,"k":100,"ix":6},"nm":"Transform"},"nm":"Repeater 1","mn":"ADBE Vector Filter - Repeater","hd":false},{"ty":"tr","p":{"a":0,"k":[0,0],"ix":2},"a":{"a":0,"k":[0,0],"ix":1},"s":{"a":1,"k":[{"i":{"x":[0.496,0.496],"y":[1,1]},"o":{"x":[0.333,0.333],"y":[0,0]},"n":["0p496_1_0p333_0","0p496_1_0p333_0"],"t":0,"s":[0,0],"e":[100,100]},{"t":15}],"ix":3},"r":{"a":0,"k":0,"ix":6},"o":{"a":0,"k":100,"ix":7},"sk":{"a":0,"k":0,"ix":4},"sa":{"a":0,"k":0,"ix":5},"nm":"Transform"}],"nm":"Shape 1","np":4,"cix":2,"ix":1,"mn":"ADBE Vector Group","hd":false}],"ip":0,"op":240,"st":0,"bm":0}]},{"id":"comp_1","layers":[{"ddd":0,"ind":1,"ty":4,"nm":"Cuff","sr":1,"ks":{"o":{"a":0,"k":100,"ix":11},"r":{"a":1,"k":[{"i":{"x":[0.268],"y":[1]},"o":{"x":[0.85],"y":[0]},"n":["0p268_1_0p85_0"],"t":23,"s":[0],"e":[-24]},{"i":{"x":[0.474],"y":[1]},"o":{"x":[0.333],"y":[0]},"n":["0p474_1_0p333_0"],"t":36,"s":[-24],"e":[80]},{"t":54}],"ix":10},"p":{"a":1,"k":[{"i":{"x":0.22,"y":1},"o":{"x":0.85,"y":0},"n":"0p22_1_0p85_0","t":23,"s":[46.066,99.52,0],"e":[42.618,82.532,0],"to":[-1.23854327201843,1.23854327201843,0],"ti":[-0.01632204465568,-0.00618695560843,0]},{"i":{"x":0.844,"y":0.541},"o":{"x":0.601,"y":0},"n":"0p844_0p541_0p601_0","t":36,"s":[42.618,82.532,0],"e":[46.411,96.315,0],"to":[0.31963109970093,0.12115782499313,0],"ti":[0.06263589113951,-8.62023639678955,0]},{"i":{"x":0.325,"y":1},"o":{"x":0.26,"y":0.621},"n":"0p325_1_0p26_0p621","t":43.68,"s":[46.411,96.315,0],"e":[36.066,117.52,0],"to":[-0.08372224867344,11.5222368240356,0],"ti":[0,-0.23325119912624,0]},{"t":54}],"ix":2},"a":{"a":0,"k":[36.066,84.52,0],"ix":1},"s":{"a":1,"k":[{"i":{"x":[0.268,0.268,0.667],"y":[1,1,1]},"o":{"x":[0.85,0.85,0.85],"y":[0,0,0]},"n":["0p268_1_0p85_0","0p268_1_0p85_0","0p667_1_0p85_0"],"t":23,"s":[120,120,100],"e":[120,120,100]},{"i":{"x":[0.833,0.833,0.833],"y":[1,1,1]},"o":{"x":[0.333,0.333,0.333],"y":[0,0,0]},"n":["0p833_1_0p333_0","0p833_1_0p333_0","0p833_1_0p333_0"],"t":36,"s":[120,120,100],"e":[0,0,100]},{"t":54}],"ix":6}},"ao":0,"shapes":[{"ty":"gr","it":[{"ind":0,"ty":"sh","ix":1,"ks":{"a":0,"k":{"i":[[0.24,0.311],[0,-0.091],[1.017,0],[0.337,0.435],[-0.926,0],[0,1.017]],"o":[[0.013,0.087],[0,1.016],[-0.594,0],[0.129,0.889],[1.017,0],[0,-0.423]],"v":[[1.439,-1.48],[1.467,-1.215],[-0.374,0.624],[-1.827,-0.097],[-0.014,1.48],[1.827,-0.362]],"c":true},"ix":2},"nm":"Path 1","mn":"ADBE Vector Shape - Group","hd":false},{"ty":"fl","c":{"a":0,"k":[0.8,0.8,0.8,1],"ix":4},"o":{"a":0,"k":100,"ix":5},"r":1,"nm":"Fill 1","mn":"ADBE Vector Graphic - Fill","hd":false},{"ty":"tr","p":{"a":0,"k":[39.788,76.594],"ix":2},"a":{"a":0,"k":[0,0],"ix":1},"s":{"a":0,"k":[100,100],"ix":3},"r":{"a":0,"k":0,"ix":6},"o":{"a":0,"k":100,"ix":7},"sk":{"a":0,"k":0,"ix":4},"sa":{"a":0,"k":0,"ix":5},"nm":"Transform"}],"nm":"Group 1","np":2,"cix":2,"ix":1,"mn":"ADBE Vector Group","hd":false},{"ty":"gr","it":[{"ind":0,"ty":"sh","ix":1,"ks":{"a":0,"k":{"i":[[0,1.017],[1.017,0],[0,-1.017],[-1.016,0]],"o":[[0,-1.017],[-1.016,0],[0,1.017],[1.017,0]],"v":[[1.841,0],[0,-1.841],[-1.841,0],[0,1.841]],"c":true},"ix":2},"nm":"Path 1","mn":"ADBE Vector Shape - Group","hd":false},{"ty":"fl","c":{"a":0,"k":[1,1,1,1],"ix":4},"o":{"a":0,"k":100,"ix":5},"r":1,"nm":"Fill 1","mn":"ADBE Vector Graphic - Fill","hd":false},{"ty":"tr","p":{"a":0,"k":[39.774,76.232],"ix":2},"a":{"a":0,"k":[0,0],"ix":1},"s":{"a":0,"k":[100,100],"ix":3},"r":{"a":0,"k":0,"ix":6},"o":{"a":0,"k":100,"ix":7},"sk":{"a":0,"k":0,"ix":4},"sa":{"a":0,"k":0,"ix":5},"nm":"Transform"}],"nm":"Group 2","np":2,"cix":2,"ix":2,"mn":"ADBE Vector Group","hd":false},{"ty":"gr","it":[{"ind":0,"ty":"sh","ix":1,"ks":{"a":0,"k":{"i":[[0,0],[0,0],[0,0],[0,0],[0,0]],"o":[[0,0],[0,0],[0,0],[0,0],[0,0]],"v":[[2.63,8.415],[6.312,-14.201],[5.26,14.201],[-6.312,14.201],[-6.312,10.979]],"c":true},"ix":2},"nm":"Path 1","mn":"ADBE Vector Shape - Group","hd":false},{"ty":"fl","c":{"a":0,"k":[0.3803921568627451,0.3215686274509804,0.7450980392156863,1],"ix":4},"o":{"a":0,"k":100,"ix":5},"r":1,"nm":"Fill 1","mn":"ADBE Vector Graphic - Fill","hd":false},{"ty":"tr","p":{"a":0,"k":[39.775,67.817],"ix":2},"a":{"a":0,"k":[0,0],"ix":1},"s":{"a":0,"k":[100,100],"ix":3},"r":{"a":0,"k":0,"ix":6},"o":{"a":0,"k":100,"ix":7},"sk":{"a":0,"k":0,"ix":4},"sa":{"a":0,"k":0,"ix":5},"nm":"Transform"}],"nm":"Group 3","np":2,"cix":2,"ix":3,"mn":"ADBE Vector Group","hd":false},{"ty":"gr","it":[{"ind":0,"ty":"sh","ix":1,"ks":{"a":0,"k":{"i":[[0,0],[0,0],[0,0],[0,0]],"o":[[0,0],[0,0],[0,0],[0,0]],"v":[[-6.312,-14.201],[6.311,-14.201],[5.26,14.201],[-6.312,14.201]],"c":true},"ix":2},"nm":"Path 1","mn":"ADBE Vector Shape - Group","hd":false},{"ty":"fl","c":{"a":0,"k":[0.6509803921568628,0.596078431372549,0.9764705882352941,1],"ix":4},"o":{"a":0,"k":100,"ix":5},"r":1,"nm":"Fill 1","mn":"ADBE Vector Graphic - Fill","hd":false},{"ty":"tr","p":{"a":0,"k":[39.774,67.818],"ix":2},"a":{"a":0,"k":[0,0],"ix":1},"s":{"a":0,"k":[100,100],"ix":3},"r":{"a":0,"k":0,"ix":6},"o":{"a":0,"k":100,"ix":7},"sk":{"a":0,"k":0,"ix":4},"sa":{"a":0,"k":0,"ix":5},"nm":"Transform"}],"nm":"Group 4","np":2,"cix":2,"ix":4,"mn":"ADBE Vector Group","hd":false}],"ip":0,"op":88,"st":0,"bm":0},{"ddd":0,"ind":2,"ty":4,"nm":"Hand 2","sr":1,"ks":{"o":{"a":0,"k":100,"ix":11},"r":{"a":1,"k":[{"i":{"x":[0.268],"y":[1]},"o":{"x":[0.85],"y":[0]},"n":["0p268_1_0p85_0"],"t":24,"s":[0],"e":[-24]},{"i":{"x":[0.474],"y":[1]},"o":{"x":[0.333],"y":[0]},"n":["0p474_1_0p333_0"],"t":37,"s":[-24],"e":[80]},{"t":53}],"ix":10},"p":{"a":1,"k":[{"i":{"x":0.22,"y":1},"o":{"x":0.85,"y":0},"n":"0p22_1_0p85_0","t":24,"s":[46.066,99.52,0],"e":[42.618,82.532,0],"to":[-0.5747994184494,-2.83133268356323,0],"ti":[-0.01632204465568,-0.00618695560843,0]},{"i":{"x":0.844,"y":0.592},"o":{"x":0.601,"y":0},"n":"0p844_0p592_0p601_0","t":37,"s":[42.618,82.532,0],"e":[46.411,96.315,0],"to":[0.31963109970093,0.12115782499313,0],"ti":[0.06263589113951,-8.62023639678955,0]},{"i":{"x":0.325,"y":1},"o":{"x":0.26,"y":0.552},"n":"0p325_1_0p26_0p552","t":43.826,"s":[46.411,96.315,0],"e":[36.066,117.52,0],"to":[-0.08372224867344,11.5222368240356,0],"ti":[0,-0.23325119912624,0]},{"t":53}],"ix":2},"a":{"a":0,"k":[36.066,84.52,0],"ix":1},"s":{"a":1,"k":[{"i":{"x":[0.268,0.268,0.667],"y":[1,1,1]},"o":{"x":[0.167,0.167,0.167],"y":[0,0,16.667]},"n":["0p268_1_0p167_0","0p268_1_0p167_0","0p667_1_0p167_16p667"],"t":24,"s":[120,120,100],"e":[120,120,100]},{"i":{"x":[0.833,0.833,0.833],"y":[1,1,1]},"o":{"x":[0.333,0.333,0.333],"y":[0,0,0]},"n":["0p833_1_0p333_0","0p833_1_0p333_0","0p833_1_0p333_0"],"t":37,"s":[120,120,100],"e":[0,0,100]},{"t":53}],"ix":6}},"ao":0,"shapes":[{"ty":"gr","it":[{"ind":0,"ty":"sh","ix":1,"ks":{"a":0,"k":{"i":[[-0.132,1.578],[0.058,0.254],[5.324,0],[0,0],[-0.589,-0.149],[-2.935,0.03],[-0.603,0.11],[0,0]],"o":[[0.025,-0.304],[-0.174,1.602],[0,0],[0,0],[1.273,0.321],[0.922,-0.009],[-0.006,-0.003],[1.578,-0.548]],"v":[[6.347,-1.347],[6.278,-2.176],[-1.345,1.094],[-6.144,1.094],[-5.783,1.743],[1.461,2.146],[3.721,1.952],[3.695,1.941]],"c":true},"ix":2},"nm":"Path 1","mn":"ADBE Vector Shape - Group","hd":false},{"ty":"fl","c":{"a":0,"k":[0.8745098039215686,0.7686274509803922,0.611764705882353,1],"ix":4},"o":{"a":0,"k":100,"ix":5},"r":1,"nm":"Fill 1","mn":"ADBE Vector Graphic - Fill","hd":false},{"ty":"tr","p":{"a":0,"k":[75.044,69.558],"ix":2},"a":{"a":0,"k":[0,0],"ix":1},"s":{"a":0,"k":[100,100],"ix":3},"r":{"a":0,"k":0,"ix":6},"o":{"a":0,"k":100,"ix":7},"sk":{"a":0,"k":0,"ix":4},"sa":{"a":0,"k":0,"ix":5},"nm":"Transform"}],"nm":"Group 1","np":2,"cix":2,"ix":1,"mn":"ADBE Vector Group","hd":false},{"ty":"gr","it":[{"ind":0,"ty":"sh","ix":1,"ks":{"a":0,"k":{"i":[[-0.132,2.235],[0.023,0.174],[5.167,0],[0,0],[-1.257,-0.241],[-2.65,0.027],[-0.691,0.185],[0,0]],"o":[[0.011,-0.189],[-0.282,1.558],[0,0],[0,0],[2.026,0.389],[1.26,-0.013],[0,0],[0,0]],"v":[[6.53,-1.561],[6.504,-2.104],[-1.097,1.026],[-5.842,1.026],[-5.284,1.683],[1.711,2.077],[4.583,1.747],[4.557,1.726]],"c":true},"ix":2},"nm":"Path 1","mn":"ADBE Vector Shape - Group","hd":false},{"ty":"fl","c":{"a":0,"k":[0.8745098039215686,0.7686274509803922,0.611764705882353,1],"ix":4},"o":{"a":0,"k":100,"ix":5},"r":1,"nm":"Fill 1","mn":"ADBE Vector Graphic - Fill","hd":false},{"ty":"tr","p":{"a":0,"k":[75.716,63.988],"ix":2},"a":{"a":0,"k":[0,0],"ix":1},"s":{"a":0,"k":[100,100],"ix":3},"r":{"a":0,"k":0,"ix":6},"o":{"a":0,"k":100,"ix":7},"sk":{"a":0,"k":0,"ix":4},"sa":{"a":0,"k":0,"ix":5},"nm":"Transform"}],"nm":"Group 2","np":2,"cix":2,"ix":2,"mn":"ADBE Vector Group","hd":false},{"ty":"gr","it":[{"ind":0,"ty":"sh","ix":1,"ks":{"a":0,"k":{"i":[[0,0],[-1.286,-0.22],[-4.279,0.232],[0,0],[-0.132,1.578],[-0.001,0.025],[3.931,-0.066]],"o":[[0,0],[2.29,0.391],[-0.126,-0.072],[0.789,-0.395],[0.002,-0.025],[-0.194,1.257],[-4.712,0.079]],"v":[[-5.747,0.572],[-4.893,1.13],[4.673,1.619],[4.467,1.508],[6.177,-1.779],[6.171,-1.852],[0.982,0.522]],"c":true},"ix":2},"nm":"Path 1","mn":"ADBE Vector Shape - Group","hd":false},{"ty":"fl","c":{"a":0,"k":[0.8745098039215686,0.7686274509803922,0.611764705882353,1],"ix":4},"o":{"a":0,"k":100,"ix":5},"r":1,"nm":"Fill 1","mn":"ADBE Vector Graphic - Fill","hd":false},{"ty":"tr","p":{"a":0,"k":[75.411,57.499],"ix":2},"a":{"a":0,"k":[0,0],"ix":1},"s":{"a":0,"k":[100,100],"ix":3},"r":{"a":0,"k":0,"ix":6},"o":{"a":0,"k":100,"ix":7},"sk":{"a":0,"k":0,"ix":4},"sa":{"a":0,"k":0,"ix":5},"nm":"Transform"}],"nm":"Group 3","np":2,"cix":2,"ix":3,"mn":"ADBE Vector Group","hd":false},{"ty":"gr","it":[{"ind":0,"ty":"sh","ix":1,"ks":{"a":0,"k":{"i":[[-2.104,0.132],[-2.498,0.789],[0,1.709],[8.328,0],[3.944,0.088],[1.433,-0.218],[0,0],[-3.025,-0.182],[-4.996,-0.526]],"o":[[2.104,-0.131],[2.498,-0.789],[-0.503,2.542],[-8.327,0],[-1.882,-0.042],[0,0],[0,0],[3.024,0.181],[4.997,0.526]],"v":[[8.448,2.475],[14.497,1.818],[18.638,-2.389],[4.416,0.338],[-13.466,-3.617],[-18.638,-3.243],[-18.638,-1.141],[-13.51,-1.141],[-1.282,3.133]],"c":true},"ix":2},"nm":"Path 1","mn":"ADBE Vector Shape - Group","hd":false},{"ty":"fl","c":{"a":0,"k":[0.8745098039215686,0.7686274509803922,0.611764705882353,1],"ix":4},"o":{"a":0,"k":100,"ix":5},"r":1,"nm":"Fill 1","mn":"ADBE Vector Graphic - Fill","hd":false},{"ty":"tr","p":{"a":0,"k":[61.831,76.256],"ix":2},"a":{"a":0,"k":[0,0],"ix":1},"s":{"a":0,"k":[100,100],"ix":3},"r":{"a":0,"k":0,"ix":6},"o":{"a":0,"k":100,"ix":7},"sk":{"a":0,"k":0,"ix":4},"sa":{"a":0,"k":0,"ix":5},"nm":"Transform"}],"nm":"Group 4","np":2,"cix":2,"ix":4,"mn":"ADBE Vector Group","hd":false},{"ty":"gr","it":[{"ind":0,"ty":"sh","ix":1,"ks":{"a":0,"k":{"i":[[0,0],[0,0],[0,0],[0,0],[0,0],[-1.578,-0.92],[0.131,-1.578],[0.789,-0.395],[0.132,-2.236],[0,0],[0.131,-1.578],[1.578,-0.548],[0,-1.71],[2.498,-0.789],[2.105,-0.131],[4.997,0.525],[3.025,0.182],[0,0],[0,0]],"o":[[0,0],[0,0],[0,0],[0,0],[0,0],[1.578,0.921],[-0.132,1.577],[0,0],[-0.132,2.235],[0,0],[-0.132,1.578],[0,0],[0,1.709],[-2.498,0.789],[-2.103,0.131],[-4.996,-0.527],[-3.025,-0.181],[0,0],[0,0]],"v":[[-16.699,-8.825],[-4.01,-12.918],[-2.06,-14.711],[1.14,-14.711],[7.494,-13.747],[15.384,-13.221],[18.803,-9.482],[17.093,-6.195],[19.46,-2.776],[17.488,0.511],[18.606,3.009],[15.953,6.296],[17.685,8.663],[13.543,12.87],[7.494,13.528],[-2.236,14.186],[-14.464,9.911],[-19.592,9.911],[-19.592,-8.693]],"c":true},"ix":2},"nm":"Path 1","mn":"ADBE Vector Shape - Group","hd":false},{"ty":"fl","c":{"a":0,"k":[1,0.8784313725490196,0.6980392156862745,1],"ix":4},"o":{"a":0,"k":100,"ix":5},"r":1,"nm":"Fill 1","mn":"ADBE Vector Graphic - Fill","hd":false},{"ty":"tr","p":{"a":0,"k":[62.785,65.203],"ix":2},"a":{"a":0,"k":[0,0],"ix":1},"s":{"a":0,"k":[100,100],"ix":3},"r":{"a":0,"k":0,"ix":6},"o":{"a":0,"k":100,"ix":7},"sk":{"a":0,"k":0,"ix":4},"sa":{"a":0,"k":0,"ix":5},"nm":"Transform"}],"nm":"Group 5","np":2,"cix":2,"ix":5,"mn":"ADBE Vector Group","hd":false}],"ip":0,"op":92,"st":4,"bm":0},{"ddd":0,"ind":3,"ty":4,"nm":"Thumb 2","sr":1,"ks":{"o":{"a":0,"k":100,"ix":11},"r":{"a":1,"k":[{"i":{"x":[0.561],"y":[1]},"o":{"x":[0.495],"y":[0]},"n":["0p561_1_0p495_0"],"t":24,"s":[0],"e":[-8]},{"i":{"x":[0.833],"y":[0.833]},"o":{"x":[0.318],"y":[0]},"n":["0p833_0p833_0p318_0"],"t":37,"s":[-8],"e":[180]},{"t":52}],"ix":10},"p":{"a":1,"k":[{"i":{"x":0.559,"y":1},"o":{"x":0.496,"y":0},"n":"0p559_1_0p496_0","t":24,"s":[76,71,0],"e":[57.118,48.032,0],"to":[-3.14708280563354,-3.82799935340881,0],"ti":[-0.00858649611473,-0.00325475563295,0]},{"i":{"x":0.704,"y":0.654},"o":{"x":0.383,"y":0},"n":"0p704_0p654_0p383_0","t":37,"s":[57.118,48.032,0],"e":[70.755,89.087,0],"to":[0.44428959488869,0.16841027140617,0],"ti":[2.48485994338989,-20.3849124908447,0]},{"i":{"x":0.284,"y":0.99},"o":{"x":0.044,"y":0.056},"n":"0p284_0p99_0p044_0p056","t":44,"s":[70.755,89.087,0],"e":[38.066,118.52,0],"to":[-1.69227385520935,13.8828172683716,0],"ti":[13.8854293823242,-4.68456697463989,0]},{"t":52}],"ix":2},"a":{"a":0,"k":[60,60,0],"ix":1},"s":{"a":1,"k":[{"i":{"x":[0.667,0.667,0.667],"y":[1,1,1]},"o":{"x":[0.248,0.248,0.167],"y":[0,0,0]},"n":["0p667_1_0p248_0","0p667_1_0p248_0","0p667_1_0p167_0"],"t":37,"s":[120,120,100],"e":[0,0,100]},{"t":53}],"ix":6}},"ao":0,"shapes":[{"ty":"gr","it":[{"ind":0,"ty":"sh","ix":1,"ks":{"a":0,"k":{"i":[[0,0],[0.756,-1.84]],"o":[[0,0],[0,0]],"v":[[0.445,-2.761],[-0.445,2.761]],"c":false},"ix":2},"nm":"Path 1","mn":"ADBE Vector Shape - Group","hd":false},{"ty":"st","c":{"a":0,"k":[1,1,1,1],"ix":3},"o":{"a":0,"k":100,"ix":4},"w":{"a":0,"k":0.5,"ix":5},"lc":2,"lj":1,"ml":10,"nm":"Stroke 1","mn":"ADBE Vector Graphic - Stroke","hd":false},{"ty":"tr","p":{"a":0,"k":[61.225,36.392],"ix":2},"a":{"a":0,"k":[0,0],"ix":1},"s":{"a":0,"k":[100,100],"ix":3},"r":{"a":0,"k":0,"ix":6},"o":{"a":0,"k":100,"ix":7},"sk":{"a":0,"k":0,"ix":4},"sa":{"a":0,"k":0,"ix":5},"nm":"Transform"}],"nm":"Group 1","np":2,"cix":2,"ix":1,"mn":"ADBE Vector Group","hd":false},{"ty":"gr","it":[{"ind":0,"ty":"sh","ix":1,"ks":{"a":0,"k":{"i":[[1.381,0.811],[0.042,-3.329],[-0.983,-7.231],[-0.434,-0.476],[0,0],[0,4.646],[0.044,6.399]],"o":[[0.98,1.39],[-0.081,6.448],[0.149,1.096],[0,0],[0,0],[0,-4.646],[-0.022,-3.209]],"v":[[-0.275,-12.438],[1.332,-5.521],[-1.492,10.125],[-0.587,12.438],[0.719,12.197],[-0.07,7.288],[2.43,-6.387]],"c":true},"ix":2},"nm":"Path 1","mn":"ADBE Vector Shape - Group","hd":false},{"ty":"fl","c":{"a":0,"k":[0.8745098039215686,0.7686274509803922,0.611764705882353,1],"ix":4},"o":{"a":0,"k":100,"ix":5},"r":1,"nm":"Fill 1","mn":"ADBE Vector Graphic - Fill","hd":false},{"ty":"tr","p":{"a":0,"k":[64.213,43.491],"ix":2},"a":{"a":0,"k":[0,0],"ix":1},"s":{"a":0,"k":[100,100],"ix":3},"r":{"a":0,"k":0,"ix":6},"o":{"a":0,"k":100,"ix":7},"sk":{"a":0,"k":0,"ix":4},"sa":{"a":0,"k":0,"ix":5},"nm":"Transform"}],"nm":"Group 2","np":2,"cix":2,"ix":2,"mn":"ADBE Vector Group","hd":false},{"ty":"gr","it":[{"ind":0,"ty":"sh","ix":1,"ks":{"a":0,"k":{"i":[[0,0],[-2.805,3.419],[-1.14,2.805],[0.087,2.104],[-1.194,0.299],[-0.033,-4.659],[0,-4.646],[0,0]],"o":[[1.227,-5.26],[2.805,-3.418],[1.139,-2.805],[-0.088,-2.104],[1.754,-0.438],[0.044,6.399],[0,4.646],[0,0]],"v":[[-9.161,14.245],[-3.814,3.286],[1.358,-3.551],[2.936,-11.001],[4.601,-13.807],[9.117,-7.408],[6.617,6.268],[7.406,11.177]],"c":true},"ix":2},"nm":"Path 1","mn":"ADBE Vector Shape - Group","hd":false},{"ty":"fl","c":{"a":0,"k":[1,0.8784313725490196,0.6980392156862745,1],"ix":4},"o":{"a":0,"k":100,"ix":5},"r":1,"nm":"Fill 1","mn":"ADBE Vector Graphic - Fill","hd":false},{"ty":"tr","p":{"a":0,"k":[57.526,44.512],"ix":2},"a":{"a":0,"k":[0,0],"ix":1},"s":{"a":0,"k":[100,100],"ix":3},"r":{"a":0,"k":0,"ix":6},"o":{"a":0,"k":100,"ix":7},"sk":{"a":0,"k":0,"ix":4},"sa":{"a":0,"k":0,"ix":5},"nm":"Transform"}],"nm":"Group 3","np":2,"cix":2,"ix":3,"mn":"ADBE Vector Group","hd":false}],"ip":0,"op":88,"st":0,"bm":0},{"ddd":0,"ind":4,"ty":4,"nm":"Streak","sr":1,"ks":{"o":{"a":0,"k":100,"ix":11},"r":{"a":0,"k":0,"ix":10},"p":{"a":0,"k":[75,75,0],"ix":2},"a":{"a":0,"k":[0,0,0],"ix":1},"s":{"a":0,"k":[100,100,100],"ix":6}},"ao":0,"shapes":[{"ty":"gr","it":[{"ind":0,"ty":"sh","ix":1,"ks":{"a":0,"k":{"i":[[-32.306,11.69],[16.5,15]],"o":[[38.69,-14],[-21.828,-19.844]],"v":[[-27.19,47],[0,-26]],"c":false},"ix":2},"nm":"Path 1","mn":"ADBE Vector Shape - Group","hd":false},{"ty":"tm","s":{"a":1,"k":[{"i":{"x":[0.833],"y":[0.833]},"o":{"x":[0.167],"y":[0.167]},"n":["0p833_0p833_0p167_0p167"],"t":42,"s":[100],"e":[27.333]},{"i":{"x":[0.833],"y":[0.833]},"o":{"x":[0.167],"y":[0.167]},"n":["0p833_0p833_0p167_0p167"],"t":49,"s":[27.333],"e":[10.2]},{"i":{"x":[0.667],"y":[1]},"o":{"x":[0.167],"y":[0.167]},"n":["0p667_1_0p167_0p167"],"t":51.223,"s":[10.2],"e":[0]},{"t":53}],"ix":1},"e":{"a":1,"k":[{"i":{"x":[0.833],"y":[0.833]},"o":{"x":[0.167],"y":[0.167]},"n":["0p833_0p833_0p167_0p167"],"t":42,"s":[100],"e":[42.171]},{"i":{"x":[0.667],"y":[1]},"o":{"x":[0.167],"y":[0.167]},"n":["0p667_1_0p167_0p167"],"t":51.223,"s":[42.171],"e":[0]},{"t":53}],"ix":2},"o":{"a":0,"k":0,"ix":3},"m":1,"ix":2,"nm":"Trim Paths 1","mn":"ADBE Vector Filter - Trim","hd":false},{"ty":"st","c":{"a":0,"k":[0.3803921568627451,0.3215686274509804,0.7450980392156863,1],"ix":3},"o":{"a":0,"k":100,"ix":4},"w":{"a":0,"k":5,"ix":5},"lc":2,"lj":1,"ml":4,"nm":"Stroke 1","mn":"ADBE Vector Graphic - Stroke","hd":false},{"ty":"tr","p":{"a":0,"k":[0,0],"ix":2},"a":{"a":0,"k":[0,0],"ix":1},"s":{"a":0,"k":[100,100],"ix":3},"r":{"a":0,"k":0,"ix":6},"o":{"a":0,"k":100,"ix":7},"sk":{"a":0,"k":0,"ix":4},"sa":{"a":0,"k":0,"ix":5},"nm":"Transform"}],"nm":"Shape 1","np":3,"cix":2,"ix":1,"mn":"ADBE Vector Group","hd":false}],"ip":42,"op":121,"st":19,"bm":0},{"ddd":0,"ind":5,"ty":4,"nm":"Streak","sr":1,"ks":{"o":{"a":0,"k":100,"ix":11},"r":{"a":0,"k":0,"ix":10},"p":{"a":0,"k":[75,75,0],"ix":2},"a":{"a":0,"k":[0,0,0],"ix":1},"s":{"a":0,"k":[100,100,100],"ix":6}},"ao":0,"shapes":[{"ty":"gr","it":[{"ind":0,"ty":"sh","ix":1,"ks":{"a":0,"k":{"i":[[-32.413,11.389],[20.5,26.5]],"o":[[42.69,-15],[-18.05,-23.333]],"v":[[-22.19,52.5],[10,-26]],"c":false},"ix":2},"nm":"Path 2","mn":"ADBE Vector Shape - Group","hd":false},{"ty":"tm","s":{"a":1,"k":[{"i":{"x":[0.833],"y":[0.833]},"o":{"x":[0.167],"y":[0.167]},"n":["0p833_0p833_0p167_0p167"],"t":42,"s":[100],"e":[26.633]},{"i":{"x":[0.833],"y":[0.833]},"o":{"x":[0.167],"y":[0.167]},"n":["0p833_0p833_0p167_0p167"],"t":49,"s":[26.633],"e":[10.2]},{"i":{"x":[0.667],"y":[1]},"o":{"x":[0.167],"y":[0.167]},"n":["0p667_1_0p167_0p167"],"t":51.223,"s":[10.2],"e":[0]},{"t":53}],"ix":1},"e":{"a":1,"k":[{"i":{"x":[0.833],"y":[0.833]},"o":{"x":[0.167],"y":[0.167]},"n":["0p833_0p833_0p167_0p167"],"t":42,"s":[100],"e":[42.668]},{"i":{"x":[0.833],"y":[0.833]},"o":{"x":[0.167],"y":[0.167]},"n":["0p833_0p833_0p167_0p167"],"t":49,"s":[42.668],"e":[0]},{"t":53}],"ix":2},"o":{"a":0,"k":0,"ix":3},"m":1,"ix":2,"nm":"Trim Paths 1","mn":"ADBE Vector Filter - Trim","hd":false},{"ty":"st","c":{"a":0,"k":[0.3803921568627451,0.3215686274509804,0.7450980392156863,1],"ix":3},"o":{"a":0,"k":100,"ix":4},"w":{"a":0,"k":5,"ix":5},"lc":2,"lj":1,"ml":4,"nm":"Stroke 1","mn":"ADBE Vector Graphic - Stroke","hd":false},{"ty":"tr","p":{"a":0,"k":[0,0],"ix":2},"a":{"a":0,"k":[0,0],"ix":1},"s":{"a":0,"k":[100,100],"ix":3},"r":{"a":0,"k":0,"ix":6},"o":{"a":0,"k":100,"ix":7},"sk":{"a":0,"k":0,"ix":4},"sa":{"a":0,"k":0,"ix":5},"nm":"Transform"}],"nm":"Shape 1","np":3,"cix":2,"ix":1,"mn":"ADBE Vector Group","hd":false}],"ip":42,"op":121,"st":19,"bm":0}]},{"id":"comp_2","layers":[{"ddd":0,"ind":1,"ty":4,"nm":"Streak","sr":1,"ks":{"o":{"a":0,"k":100,"ix":11},"r":{"a":0,"k":0,"ix":10},"p":{"a":0,"k":[75,75,0],"ix":2},"a":{"a":0,"k":[0,0,0],"ix":1},"s":{"a":0,"k":[100,100,100],"ix":6}},"ao":0,"shapes":[{"ty":"gr","it":[{"ind":0,"ty":"sh","ix":1,"ks":{"a":0,"k":{"i":[[7.402,-16.777],[34,3]],"o":[[-10,22.667],[-29.386,-2.593]],"v":[[24.667,14.5],[-36.5,44.5]],"c":false},"ix":2},"nm":"Path 1","mn":"ADBE Vector Shape - Group","hd":false},{"ty":"tm","s":{"a":1,"k":[{"i":{"x":[0.833],"y":[0.833]},"o":{"x":[0.167],"y":[0.167]},"n":["0p833_0p833_0p167_0p167"],"t":6,"s":[100],"e":[27.333]},{"i":{"x":[0.833],"y":[0.833]},"o":{"x":[0.167],"y":[0.167]},"n":["0p833_0p833_0p167_0p167"],"t":16,"s":[27.333],"e":[10.2]},{"i":{"x":[0.667],"y":[1]},"o":{"x":[0.167],"y":[0.167]},"n":["0p667_1_0p167_0p167"],"t":21,"s":[10.2],"e":[0]},{"t":25}],"ix":1},"e":{"a":1,"k":[{"i":{"x":[0.833],"y":[0.833]},"o":{"x":[0.167],"y":[0.167]},"n":["0p833_0p833_0p167_0p167"],"t":6,"s":[100],"e":[42.171]},{"i":{"x":[0.667],"y":[1]},"o":{"x":[0.167],"y":[0.167]},"n":["0p667_1_0p167_0p167"],"t":21,"s":[42.171],"e":[0]},{"t":25}],"ix":2},"o":{"a":0,"k":0,"ix":3},"m":1,"ix":2,"nm":"Trim Paths 1","mn":"ADBE Vector Filter - Trim","hd":false},{"ty":"st","c":{"a":0,"k":[0.3803921568627451,0.3215686274509804,0.7450980392156863,1],"ix":3},"o":{"a":0,"k":100,"ix":4},"w":{"a":0,"k":5,"ix":5},"lc":2,"lj":1,"ml":4,"nm":"Stroke 1","mn":"ADBE Vector Graphic - Stroke","hd":false},{"ty":"tr","p":{"a":0,"k":[0,0],"ix":2},"a":{"a":0,"k":[0,0],"ix":1},"s":{"a":0,"k":[100,100],"ix":3},"r":{"a":0,"k":0,"ix":6},"o":{"a":0,"k":100,"ix":7},"sk":{"a":0,"k":0,"ix":4},"sa":{"a":0,"k":0,"ix":5},"nm":"Transform"}],"nm":"Shape 1","np":3,"cix":2,"ix":1,"mn":"ADBE Vector Group","hd":false}],"ip":6,"op":88,"st":-14,"bm":0},{"ddd":0,"ind":2,"ty":4,"nm":"Streak","sr":1,"ks":{"o":{"a":0,"k":100,"ix":11},"r":{"a":0,"k":0,"ix":10},"p":{"a":0,"k":[75,75,0],"ix":2},"a":{"a":0,"k":[0,0,0],"ix":1},"s":{"a":0,"k":[100,100,100],"ix":6}},"ao":0,"shapes":[{"ty":"gr","it":[{"ind":0,"ty":"sh","ix":1,"ks":{"a":0,"k":{"i":[[11.851,-13.993],[25.667,1.833]],"o":[[-13.833,16.333],[-29.425,-2.102]],"v":[[8.333,19.167],[-41.667,39.167]],"c":false},"ix":2},"nm":"Path 2","mn":"ADBE Vector Shape - Group","hd":false},{"ty":"tm","s":{"a":1,"k":[{"i":{"x":[0.833],"y":[0.833]},"o":{"x":[0.167],"y":[0.167]},"n":["0p833_0p833_0p167_0p167"],"t":6,"s":[100],"e":[26.633]},{"i":{"x":[0.833],"y":[0.833]},"o":{"x":[0.167],"y":[0.167]},"n":["0p833_0p833_0p167_0p167"],"t":16,"s":[26.633],"e":[10.2]},{"i":{"x":[0.667],"y":[1]},"o":{"x":[0.167],"y":[0.167]},"n":["0p667_1_0p167_0p167"],"t":21,"s":[10.2],"e":[0]},{"t":25}],"ix":1},"e":{"a":1,"k":[{"i":{"x":[0.833],"y":[0.833]},"o":{"x":[0.167],"y":[0.167]},"n":["0p833_0p833_0p167_0p167"],"t":6,"s":[100],"e":[42.668]},{"i":{"x":[0.833],"y":[0.833]},"o":{"x":[0.167],"y":[0.167]},"n":["0p833_0p833_0p167_0p167"],"t":16,"s":[42.668],"e":[0]},{"t":25}],"ix":2},"o":{"a":0,"k":0,"ix":3},"m":1,"ix":2,"nm":"Trim Paths 1","mn":"ADBE Vector Filter - Trim","hd":false},{"ty":"st","c":{"a":0,"k":[0.3803921568627451,0.3215686274509804,0.7450980392156863,1],"ix":3},"o":{"a":0,"k":100,"ix":4},"w":{"a":0,"k":5,"ix":5},"lc":2,"lj":1,"ml":4,"nm":"Stroke 1","mn":"ADBE Vector Graphic - Stroke","hd":false},{"ty":"tr","p":{"a":0,"k":[0,0],"ix":2},"a":{"a":0,"k":[0,0],"ix":1},"s":{"a":0,"k":[100,100],"ix":3},"r":{"a":0,"k":0,"ix":6},"o":{"a":0,"k":100,"ix":7},"sk":{"a":0,"k":0,"ix":4},"sa":{"a":0,"k":0,"ix":5},"nm":"Transform"}],"nm":"Shape 1","np":3,"cix":2,"ix":1,"mn":"ADBE Vector Group","hd":false}],"ip":6,"op":88,"st":-14,"bm":0},{"ddd":0,"ind":5,"ty":4,"nm":"Cuff","sr":1,"ks":{"o":{"a":0,"k":100,"ix":11},"r":{"a":1,"k":[{"i":{"x":[0.232],"y":[1]},"o":{"x":[0.167],"y":[0.167]},"n":["0p232_1_0p167_0p167"],"t":2,"s":[80],"e":[-24]},{"i":{"x":[0.474],"y":[1]},"o":{"x":[0.333],"y":[0]},"n":["0p474_1_0p333_0"],"t":20,"s":[-24],"e":[0]},{"t":38}],"ix":10},"p":{"a":1,"k":[{"i":{"x":0.22,"y":1},"o":{"x":0.167,"y":0.167},"n":"0p22_1_0p167_0p167","t":2,"s":[46.066,124.52,0],"e":[46.118,91.032,0],"to":[0.00853402819484,-5.58133316040039,0],"ti":[-0.01632204465568,-0.00618695560843,0]},{"i":{"x":0.474,"y":1},"o":{"x":0.78,"y":0},"n":"0p474_1_0p78_0","t":20,"s":[46.118,91.032,0],"e":[46.066,102.52,0],"to":[0.74686586856842,0.28310337662697,0],"ti":[0.00853402819484,-1.41466665267944,0]},{"i":{"x":0.833,"y":0.833},"o":{"x":0.333,"y":0},"n":"0p833_0p833_0p333_0","t":38,"s":[46.066,102.52,0],"e":[46.066,99.52,0],"to":[-0.00853402819484,1.41466665267944,0],"ti":[0,0.5,0]},{"t":57}],"ix":2},"a":{"a":0,"k":[36.066,84.52,0],"ix":1},"s":{"a":1,"k":[{"i":{"x":[0.232,0.232,0.667],"y":[1,1,1]},"o":{"x":[0.167,0.167,0.167],"y":[0.167,0.167,-0.138]},"n":["0p232_1_0p167_0p167","0p232_1_0p167_0p167","0p667_1_0p167_-0p138"],"t":2,"s":[0,0,100],"e":[120,120,100]},{"t":20}],"ix":6}},"ao":0,"shapes":[{"ty":"gr","it":[{"ind":0,"ty":"sh","ix":1,"ks":{"a":0,"k":{"i":[[0.24,0.311],[0,-0.091],[1.017,0],[0.337,0.435],[-0.926,0],[0,1.017]],"o":[[0.013,0.087],[0,1.016],[-0.594,0],[0.129,0.889],[1.017,0],[0,-0.423]],"v":[[1.439,-1.48],[1.467,-1.215],[-0.374,0.624],[-1.827,-0.097],[-0.014,1.48],[1.827,-0.362]],"c":true},"ix":2},"nm":"Path 1","mn":"ADBE Vector Shape - Group","hd":false},{"ty":"fl","c":{"a":0,"k":[0.8,0.8,0.8,1],"ix":4},"o":{"a":0,"k":100,"ix":5},"r":1,"nm":"Fill 1","mn":"ADBE Vector Graphic - Fill","hd":false},{"ty":"tr","p":{"a":0,"k":[39.788,76.594],"ix":2},"a":{"a":0,"k":[0,0],"ix":1},"s":{"a":0,"k":[100,100],"ix":3},"r":{"a":0,"k":0,"ix":6},"o":{"a":0,"k":100,"ix":7},"sk":{"a":0,"k":0,"ix":4},"sa":{"a":0,"k":0,"ix":5},"nm":"Transform"}],"nm":"Group 1","np":2,"cix":2,"ix":1,"mn":"ADBE Vector Group","hd":false},{"ty":"gr","it":[{"ind":0,"ty":"sh","ix":1,"ks":{"a":0,"k":{"i":[[0,1.017],[1.017,0],[0,-1.017],[-1.016,0]],"o":[[0,-1.017],[-1.016,0],[0,1.017],[1.017,0]],"v":[[1.841,0],[0,-1.841],[-1.841,0],[0,1.841]],"c":true},"ix":2},"nm":"Path 1","mn":"ADBE Vector Shape - Group","hd":false},{"ty":"fl","c":{"a":0,"k":[1,1,1,1],"ix":4},"o":{"a":0,"k":100,"ix":5},"r":1,"nm":"Fill 1","mn":"ADBE Vector Graphic - Fill","hd":false},{"ty":"tr","p":{"a":0,"k":[39.774,76.232],"ix":2},"a":{"a":0,"k":[0,0],"ix":1},"s":{"a":0,"k":[100,100],"ix":3},"r":{"a":0,"k":0,"ix":6},"o":{"a":0,"k":100,"ix":7},"sk":{"a":0,"k":0,"ix":4},"sa":{"a":0,"k":0,"ix":5},"nm":"Transform"}],"nm":"Group 2","np":2,"cix":2,"ix":2,"mn":"ADBE Vector Group","hd":false},{"ty":"gr","it":[{"ind":0,"ty":"sh","ix":1,"ks":{"a":0,"k":{"i":[[0,0],[0,0],[0,0],[0,0],[0,0]],"o":[[0,0],[0,0],[0,0],[0,0],[0,0]],"v":[[2.63,8.415],[6.312,-14.201],[5.26,14.201],[-6.312,14.201],[-6.312,10.979]],"c":true},"ix":2},"nm":"Path 1","mn":"ADBE Vector Shape - Group","hd":false},{"ty":"fl","c":{"a":0,"k":[0.3803921568627451,0.3215686274509804,0.7450980392156863,1],"ix":4},"o":{"a":0,"k":100,"ix":5},"r":1,"nm":"Fill 1","mn":"ADBE Vector Graphic - Fill","hd":false},{"ty":"tr","p":{"a":0,"k":[39.775,67.817],"ix":2},"a":{"a":0,"k":[0,0],"ix":1},"s":{"a":0,"k":[100,100],"ix":3},"r":{"a":0,"k":0,"ix":6},"o":{"a":0,"k":100,"ix":7},"sk":{"a":0,"k":0,"ix":4},"sa":{"a":0,"k":0,"ix":5},"nm":"Transform"}],"nm":"Group 3","np":2,"cix":2,"ix":3,"mn":"ADBE Vector Group","hd":false},{"ty":"gr","it":[{"ind":0,"ty":"sh","ix":1,"ks":{"a":0,"k":{"i":[[0,0],[0,0],[0,0],[0,0]],"o":[[0,0],[0,0],[0,0],[0,0]],"v":[[-6.312,-14.201],[6.311,-14.201],[5.26,14.201],[-6.312,14.201]],"c":true},"ix":2},"nm":"Path 1","mn":"ADBE Vector Shape - Group","hd":false},{"ty":"fl","c":{"a":0,"k":[0.6509803921568628,0.596078431372549,0.9764705882352941,1],"ix":4},"o":{"a":0,"k":100,"ix":5},"r":1,"nm":"Fill 1","mn":"ADBE Vector Graphic - Fill","hd":false},{"ty":"tr","p":{"a":0,"k":[39.774,67.818],"ix":2},"a":{"a":0,"k":[0,0],"ix":1},"s":{"a":0,"k":[100,100],"ix":3},"r":{"a":0,"k":0,"ix":6},"o":{"a":0,"k":100,"ix":7},"sk":{"a":0,"k":0,"ix":4},"sa":{"a":0,"k":0,"ix":5},"nm":"Transform"}],"nm":"Group 4","np":2,"cix":2,"ix":4,"mn":"ADBE Vector Group","hd":false}],"ip":0,"op":88,"st":0,"bm":0},{"ddd":0,"ind":6,"ty":4,"nm":"Hand","sr":1,"ks":{"o":{"a":0,"k":100,"ix":11},"r":{"a":1,"k":[{"i":{"x":[0.232],"y":[1]},"o":{"x":[0.167],"y":[0.167]},"n":["0p232_1_0p167_0p167"],"t":2,"s":[80],"e":[-24]},{"i":{"x":[0.077],"y":[1]},"o":{"x":[0.237],"y":[0]},"n":["0p077_1_0p237_0"],"t":23,"s":[-24],"e":[0]},{"t":41}],"ix":10},"p":{"a":1,"k":[{"i":{"x":0.22,"y":1},"o":{"x":0.167,"y":0.167},"n":"0p22_1_0p167_0p167","t":2,"s":[46.066,124.52,0],"e":[46.118,91.032,0],"to":[0.00853402819484,-5.58133316040039,0],"ti":[-0.01632204465568,-0.00618695560843,0]},{"i":{"x":0.077,"y":1},"o":{"x":0.684,"y":0},"n":"0p077_1_0p684_0","t":23,"s":[46.118,91.032,0],"e":[46.066,102.52,0],"to":[0.74686586856842,0.28310337662697,0],"ti":[0.00853402819484,-1.41466665267944,0]},{"i":{"x":0.833,"y":0.833},"o":{"x":0.333,"y":0},"n":"0p833_0p833_0p333_0","t":41,"s":[46.066,102.52,0],"e":[46.066,99.52,0],"to":[-0.00853402819484,1.41466665267944,0],"ti":[0,0.5,0]},{"t":61}],"ix":2},"a":{"a":0,"k":[36.066,84.52,0],"ix":1},"s":{"a":1,"k":[{"i":{"x":[0.232,0.232,0.667],"y":[1,1,1]},"o":{"x":[0.167,0.167,0.167],"y":[0.167,0.167,0]},"n":["0p232_1_0p167_0p167","0p232_1_0p167_0p167","0p667_1_0p167_0"],"t":2,"s":[0,0,100],"e":[120,120,100]},{"t":23}],"ix":6}},"ao":0,"shapes":[{"ty":"gr","it":[{"ind":0,"ty":"sh","ix":1,"ks":{"a":0,"k":{"i":[[-0.132,1.578],[0.058,0.254],[5.324,0],[0,0],[-0.589,-0.149],[-2.935,0.03],[-0.603,0.11],[0,0]],"o":[[0.025,-0.304],[-0.174,1.602],[0,0],[0,0],[1.273,0.321],[0.922,-0.009],[-0.006,-0.003],[1.578,-0.548]],"v":[[6.347,-1.347],[6.278,-2.176],[-1.345,1.094],[-6.144,1.094],[-5.783,1.743],[1.461,2.146],[3.721,1.952],[3.695,1.941]],"c":true},"ix":2},"nm":"Path 1","mn":"ADBE Vector Shape - Group","hd":false},{"ty":"fl","c":{"a":0,"k":[0.8745098039215686,0.7686274509803922,0.611764705882353,1],"ix":4},"o":{"a":0,"k":100,"ix":5},"r":1,"nm":"Fill 1","mn":"ADBE Vector Graphic - Fill","hd":false},{"ty":"tr","p":{"a":0,"k":[75.044,69.558],"ix":2},"a":{"a":0,"k":[0,0],"ix":1},"s":{"a":0,"k":[100,100],"ix":3},"r":{"a":0,"k":0,"ix":6},"o":{"a":0,"k":100,"ix":7},"sk":{"a":0,"k":0,"ix":4},"sa":{"a":0,"k":0,"ix":5},"nm":"Transform"}],"nm":"Group 1","np":2,"cix":2,"ix":1,"mn":"ADBE Vector Group","hd":false},{"ty":"gr","it":[{"ind":0,"ty":"sh","ix":1,"ks":{"a":0,"k":{"i":[[-0.132,2.235],[0.023,0.174],[5.167,0],[0,0],[-1.257,-0.241],[-2.65,0.027],[-0.691,0.185],[0,0]],"o":[[0.011,-0.189],[-0.282,1.558],[0,0],[0,0],[2.026,0.389],[1.26,-0.013],[0,0],[0,0]],"v":[[6.53,-1.561],[6.504,-2.104],[-1.097,1.026],[-5.842,1.026],[-5.284,1.683],[1.711,2.077],[4.583,1.747],[4.557,1.726]],"c":true},"ix":2},"nm":"Path 1","mn":"ADBE Vector Shape - Group","hd":false},{"ty":"fl","c":{"a":0,"k":[0.8745098039215686,0.7686274509803922,0.611764705882353,1],"ix":4},"o":{"a":0,"k":100,"ix":5},"r":1,"nm":"Fill 1","mn":"ADBE Vector Graphic - Fill","hd":false},{"ty":"tr","p":{"a":0,"k":[75.716,63.988],"ix":2},"a":{"a":0,"k":[0,0],"ix":1},"s":{"a":0,"k":[100,100],"ix":3},"r":{"a":0,"k":0,"ix":6},"o":{"a":0,"k":100,"ix":7},"sk":{"a":0,"k":0,"ix":4},"sa":{"a":0,"k":0,"ix":5},"nm":"Transform"}],"nm":"Group 2","np":2,"cix":2,"ix":2,"mn":"ADBE Vector Group","hd":false},{"ty":"gr","it":[{"ind":0,"ty":"sh","ix":1,"ks":{"a":0,"k":{"i":[[0,0],[-1.286,-0.22],[-4.279,0.232],[0,0],[-0.132,1.578],[-0.001,0.025],[3.931,-0.066]],"o":[[0,0],[2.29,0.391],[-0.126,-0.072],[0.789,-0.395],[0.002,-0.025],[-0.194,1.257],[-4.712,0.079]],"v":[[-5.747,0.572],[-4.893,1.13],[4.673,1.619],[4.467,1.508],[6.177,-1.779],[6.171,-1.852],[0.982,0.522]],"c":true},"ix":2},"nm":"Path 1","mn":"ADBE Vector Shape - Group","hd":false},{"ty":"fl","c":{"a":0,"k":[0.8745098039215686,0.7686274509803922,0.611764705882353,1],"ix":4},"o":{"a":0,"k":100,"ix":5},"r":1,"nm":"Fill 1","mn":"ADBE Vector Graphic - Fill","hd":false},{"ty":"tr","p":{"a":0,"k":[75.411,57.499],"ix":2},"a":{"a":0,"k":[0,0],"ix":1},"s":{"a":0,"k":[100,100],"ix":3},"r":{"a":0,"k":0,"ix":6},"o":{"a":0,"k":100,"ix":7},"sk":{"a":0,"k":0,"ix":4},"sa":{"a":0,"k":0,"ix":5},"nm":"Transform"}],"nm":"Group 3","np":2,"cix":2,"ix":3,"mn":"ADBE Vector Group","hd":false},{"ty":"gr","it":[{"ind":0,"ty":"sh","ix":1,"ks":{"a":0,"k":{"i":[[-2.104,0.132],[-2.498,0.789],[0,1.709],[8.328,0],[3.944,0.088],[1.433,-0.218],[0,0],[-3.025,-0.182],[-4.996,-0.526]],"o":[[2.104,-0.131],[2.498,-0.789],[-0.503,2.542],[-8.327,0],[-1.882,-0.042],[0,0],[0,0],[3.024,0.181],[4.997,0.526]],"v":[[8.448,2.475],[14.497,1.818],[18.638,-2.389],[4.416,0.338],[-13.466,-3.617],[-18.638,-3.243],[-18.638,-1.141],[-13.51,-1.141],[-1.282,3.133]],"c":true},"ix":2},"nm":"Path 1","mn":"ADBE Vector Shape - Group","hd":false},{"ty":"fl","c":{"a":0,"k":[0.8745098039215686,0.7686274509803922,0.611764705882353,1],"ix":4},"o":{"a":0,"k":100,"ix":5},"r":1,"nm":"Fill 1","mn":"ADBE Vector Graphic - Fill","hd":false},{"ty":"tr","p":{"a":0,"k":[61.831,76.256],"ix":2},"a":{"a":0,"k":[0,0],"ix":1},"s":{"a":0,"k":[100,100],"ix":3},"r":{"a":0,"k":0,"ix":6},"o":{"a":0,"k":100,"ix":7},"sk":{"a":0,"k":0,"ix":4},"sa":{"a":0,"k":0,"ix":5},"nm":"Transform"}],"nm":"Group 4","np":2,"cix":2,"ix":4,"mn":"ADBE Vector Group","hd":false},{"ty":"gr","it":[{"ind":0,"ty":"sh","ix":1,"ks":{"a":0,"k":{"i":[[0,0],[0,0],[0,0],[0,0],[0,0],[-1.578,-0.92],[0.131,-1.578],[0.789,-0.395],[0.132,-2.236],[0,0],[0.131,-1.578],[1.578,-0.548],[0,-1.71],[2.498,-0.789],[2.105,-0.131],[4.997,0.525],[3.025,0.182],[0,0],[0,0]],"o":[[0,0],[0,0],[0,0],[0,0],[0,0],[1.578,0.921],[-0.132,1.577],[0,0],[-0.132,2.235],[0,0],[-0.132,1.578],[0,0],[0,1.709],[-2.498,0.789],[-2.103,0.131],[-4.996,-0.527],[-3.025,-0.181],[0,0],[0,0]],"v":[[-16.699,-8.825],[-4.01,-12.918],[-2.06,-14.711],[1.14,-14.711],[7.494,-13.747],[15.384,-13.221],[18.803,-9.482],[17.093,-6.195],[19.46,-2.776],[17.488,0.511],[18.606,3.009],[15.953,6.296],[17.685,8.663],[13.543,12.87],[7.494,13.528],[-2.236,14.186],[-14.464,9.911],[-19.592,9.911],[-19.592,-8.693]],"c":true},"ix":2},"nm":"Path 1","mn":"ADBE Vector Shape - Group","hd":false},{"ty":"fl","c":{"a":0,"k":[1,0.8784313725490196,0.6980392156862745,1],"ix":4},"o":{"a":0,"k":100,"ix":5},"r":1,"nm":"Fill 1","mn":"ADBE Vector Graphic - Fill","hd":false},{"ty":"tr","p":{"a":0,"k":[62.785,65.203],"ix":2},"a":{"a":0,"k":[0,0],"ix":1},"s":{"a":0,"k":[100,100],"ix":3},"r":{"a":0,"k":0,"ix":6},"o":{"a":0,"k":100,"ix":7},"sk":{"a":0,"k":0,"ix":4},"sa":{"a":0,"k":0,"ix":5},"nm":"Transform"}],"nm":"Group 5","np":2,"cix":2,"ix":5,"mn":"ADBE Vector Group","hd":false}],"ip":2,"op":92,"st":4,"bm":0},{"ddd":0,"ind":7,"ty":4,"nm":"Thumb","sr":1,"ks":{"o":{"a":0,"k":100,"ix":11},"r":{"a":1,"k":[{"i":{"x":[0.536],"y":[0.202]},"o":{"x":[0.312],"y":[0.288]},"n":["0p536_0p202_0p312_0p288"],"t":3,"s":[80],"e":[53.71]},{"i":{"x":[0.456],"y":[1]},"o":{"x":[0.176],"y":[0.386]},"n":["0p456_1_0p176_0p386"],"t":8,"s":[53.71],"e":[-8]},{"i":{"x":[0.077],"y":[1]},"o":{"x":[0.237],"y":[0]},"n":["0p077_1_0p237_0"],"t":23,"s":[-8],"e":[0]},{"t":41}],"ix":10},"p":{"a":1,"k":[{"i":{"x":0.53,"y":0.565},"o":{"x":0.167,"y":0.167},"n":"0p53_0p565_0p167_0p167","t":3,"s":[46.066,124.52,0],"e":[60.512,95.617,0],"to":[1.26786482334137,-4.93584966659546,0],"ti":[-3.50980448722839,13.672869682312,0]},{"i":{"x":0.453,"y":1},"o":{"x":0.174,"y":0.464},"n":"0p453_1_0p174_0p464","t":8,"s":[60.512,95.617,0],"e":[62.118,62.032,0],"to":[3.89589977264404,-15.1769504547119,0],"ti":[-0.00858649611473,-0.00325475563295,0]},{"i":{"x":0.077,"y":1},"o":{"x":0.337,"y":0},"n":"0p077_1_0p337_0","t":23,"s":[62.118,62.032,0],"e":[76,74,0],"to":[0.74686586856842,0.28310337662697,0],"ti":[-2.31374931335449,-1.49466586112976,0]},{"i":{"x":0.833,"y":0.833},"o":{"x":0.168,"y":0},"n":"0p833_0p833_0p168_0","t":41,"s":[76,74,0],"e":[76,71,0],"to":[2.31374931335449,1.49466586112976,0],"ti":[0,0.5,0]},{"t":61}],"ix":2},"a":{"a":0,"k":[60,60,0],"ix":1},"s":{"a":1,"k":[{"i":{"x":[0.232,0.232,0.667],"y":[1,1,1]},"o":{"x":[0.167,0.167,0.167],"y":[0.167,0.167,0]},"n":["0p232_1_0p167_0p167","0p232_1_0p167_0p167","0p667_1_0p167_0"],"t":3,"s":[0,0,100],"e":[120,120,100]},{"t":23}],"ix":6}},"ao":0,"shapes":[{"ty":"gr","it":[{"ind":0,"ty":"sh","ix":1,"ks":{"a":0,"k":{"i":[[0,0],[0.756,-1.84]],"o":[[0,0],[0,0]],"v":[[0.445,-2.761],[-0.445,2.761]],"c":false},"ix":2},"nm":"Path 1","mn":"ADBE Vector Shape - Group","hd":false},{"ty":"st","c":{"a":0,"k":[1,1,1,1],"ix":3},"o":{"a":0,"k":100,"ix":4},"w":{"a":0,"k":0.5,"ix":5},"lc":2,"lj":1,"ml":10,"nm":"Stroke 1","mn":"ADBE Vector Graphic - Stroke","hd":false},{"ty":"tr","p":{"a":0,"k":[61.225,36.392],"ix":2},"a":{"a":0,"k":[0,0],"ix":1},"s":{"a":0,"k":[100,100],"ix":3},"r":{"a":0,"k":0,"ix":6},"o":{"a":0,"k":100,"ix":7},"sk":{"a":0,"k":0,"ix":4},"sa":{"a":0,"k":0,"ix":5},"nm":"Transform"}],"nm":"Group 1","np":2,"cix":2,"ix":1,"mn":"ADBE Vector Group","hd":false},{"ty":"gr","it":[{"ind":0,"ty":"sh","ix":1,"ks":{"a":0,"k":{"i":[[1.381,0.811],[0.042,-3.329],[-0.983,-7.231],[-0.434,-0.476],[0,0],[0,4.646],[0.044,6.399]],"o":[[0.98,1.39],[-0.081,6.448],[0.149,1.096],[0,0],[0,0],[0,-4.646],[-0.022,-3.209]],"v":[[-0.275,-12.438],[1.332,-5.521],[-1.492,10.125],[-0.587,12.438],[0.719,12.197],[-0.07,7.288],[2.43,-6.387]],"c":true},"ix":2},"nm":"Path 1","mn":"ADBE Vector Shape - Group","hd":false},{"ty":"fl","c":{"a":0,"k":[0.8745098039215686,0.7686274509803922,0.611764705882353,1],"ix":4},"o":{"a":0,"k":100,"ix":5},"r":1,"nm":"Fill 1","mn":"ADBE Vector Graphic - Fill","hd":false},{"ty":"tr","p":{"a":0,"k":[64.213,43.491],"ix":2},"a":{"a":0,"k":[0,0],"ix":1},"s":{"a":0,"k":[100,100],"ix":3},"r":{"a":0,"k":0,"ix":6},"o":{"a":0,"k":100,"ix":7},"sk":{"a":0,"k":0,"ix":4},"sa":{"a":0,"k":0,"ix":5},"nm":"Transform"}],"nm":"Group 2","np":2,"cix":2,"ix":2,"mn":"ADBE Vector Group","hd":false},{"ty":"gr","it":[{"ind":0,"ty":"sh","ix":1,"ks":{"a":0,"k":{"i":[[0,0],[-2.805,3.419],[-1.14,2.805],[0.087,2.104],[-1.194,0.299],[-0.033,-4.659],[0,-4.646],[0,0]],"o":[[1.227,-5.26],[2.805,-3.418],[1.139,-2.805],[-0.088,-2.104],[1.754,-0.438],[0.044,6.399],[0,4.646],[0,0]],"v":[[-9.161,14.245],[-3.814,3.286],[1.358,-3.551],[2.936,-11.001],[4.601,-13.807],[9.117,-7.408],[6.617,6.268],[7.406,11.177]],"c":true},"ix":2},"nm":"Path 1","mn":"ADBE Vector Shape - Group","hd":false},{"ty":"fl","c":{"a":0,"k":[1,0.8784313725490196,0.6980392156862745,1],"ix":4},"o":{"a":0,"k":100,"ix":5},"r":1,"nm":"Fill 1","mn":"ADBE Vector Graphic - Fill","hd":false},{"ty":"tr","p":{"a":0,"k":[57.526,44.512],"ix":2},"a":{"a":0,"k":[0,0],"ix":1},"s":{"a":0,"k":[100,100],"ix":3},"r":{"a":0,"k":0,"ix":6},"o":{"a":0,"k":100,"ix":7},"sk":{"a":0,"k":0,"ix":4},"sa":{"a":0,"k":0,"ix":5},"nm":"Transform"}],"nm":"Group 3","np":2,"cix":2,"ix":3,"mn":"ADBE Vector Group","hd":false}],"ip":0,"op":88,"st":0,"bm":0}]}],"layers":[{"ddd":0,"ind":1,"ty":0,"nm":"Spark","refId":"comp_0","sr":1,"ks":{"o":{"a":0,"k":100,"ix":11},"r":{"a":0,"k":0,"ix":10},"p":{"a":0,"k":[94,31,0],"ix":2},"a":{"a":0,"k":[303.5,540,0],"ix":1},"s":{"a":0,"k":[6,6,100],"ix":6}},"ao":0,"w":607,"h":1080,"ip":67,"op":307,"st":67,"bm":0},{"ddd":0,"ind":2,"ty":0,"nm":"Spark","refId":"comp_0","sr":1,"ks":{"o":{"a":0,"k":100,"ix":11},"r":{"a":0,"k":0,"ix":10},"p":{"a":0,"k":[94,91,0],"ix":2},"a":{"a":0,"k":[303.5,540,0],"ix":1},"s":{"a":0,"k":[8,8,100],"ix":6}},"ao":0,"w":607,"h":1080,"ip":53,"op":293,"st":53,"bm":0},{"ddd":0,"ind":3,"ty":0,"nm":"Spark","refId":"comp_0","sr":1,"ks":{"o":{"a":0,"k":100,"ix":11},"r":{"a":0,"k":0,"ix":10},"p":{"a":0,"k":[34.5,79.5,0],"ix":2},"a":{"a":0,"k":[303.5,540,0],"ix":1},"s":{"a":0,"k":[6,6,100],"ix":6}},"ao":0,"w":607,"h":1080,"ip":59,"op":299,"st":59,"bm":0},{"ddd":0,"ind":4,"ty":0,"nm":"Spark","refId":"comp_0","sr":1,"ks":{"o":{"a":0,"k":100,"ix":11},"r":{"a":0,"k":0,"ix":10},"p":{"a":0,"k":[24,31,0],"ix":2},"a":{"a":0,"k":[303.5,540,0],"ix":1},"s":{"a":0,"k":[8,8,100],"ix":6}},"ao":0,"w":607,"h":1080,"ip":33,"op":273,"st":33,"bm":0},{"ddd":0,"ind":5,"ty":0,"nm":"Thumbsup_AnimOff","refId":"comp_1","sr":1,"ks":{"o":{"a":0,"k":100,"ix":11},"r":{"a":0,"k":0,"ix":10},"p":{"a":0,"k":[60,65,0],"ix":2},"a":{"a":0,"k":[75,75,0],"ix":1},"s":{"a":0,"k":[100,100,100],"ix":6}},"ao":0,"w":150,"h":150,"ip":80,"op":184,"st":77,"bm":0},{"ddd":0,"ind":6,"ty":0,"nm":"Thumbsup_AnimOn","refId":"comp_2","sr":1,"ks":{"o":{"a":0,"k":100,"ix":11},"r":{"a":0,"k":0,"ix":10},"p":{"a":0,"k":[60,65,0],"ix":2},"a":{"a":0,"k":[75,75,0],"ix":1},"s":{"a":0,"k":[100,100,100],"ix":6}},"ao":0,"w":150,"h":150,"ip":0,"op":80,"st":0,"bm":0}],"markers":[]}